Ruben Martinez,Ruben8716
Chandler Casteel,chancasteel
Rafe Forward,rafe-forward
Kas Taghavi,kasTaghavi
Michael Doherty,Mikecamdo
Duke Bartholomew,DukeBartholomew
Andrew Daiuto,adaiuto1
Braiden Hook,B-Hook
Daniel Tao,Real-Dan-Tao
Daniel Ryan,danl573
